{
  "project_info": {
    "project_number": "681675948618",
    "project_id": "majestic-nimbus-367619",
    "storage_bucket": "majestic-nimbus-367619.appspot.com"
  },
  "client": [
    {
      "client_info": {
        "mobilesdk_app_id": "1:681675948618:android:80dc5fdd67b04563a65cb3",
        "android_client_info": {
          "package_name": "com.example.bottrash"
        }
      },
      "oauth_client": [
        {
          "client_id": "681675948618-liheeo7u7vgkjl33fldelref41loeoan.apps.googleusercontent.com",
          "client_type": 3
        }
      ],
      "api_key": [
        {
          "current_key": "AIzaSyDk2PWjoKoOTklz1J12jAuzHqK28xuFVJA"
        }
      ],
      "services": {
        "appinvite_service": {
          "other_platform_oauth_client": [
            {
              "client_id": "681675948618-liheeo7u7vgkjl33fldelref41loeoan.apps.googleusercontent.com",
              "client_type": 3
            }
          ]
        }
      }
    }
  ],
  "configuration_version": "1"
}